{
  "runs": [
    "/home/max/git/kanix/specs/admin/run-log.jsonl"
  ],
  "grand_total": {
    "input_tokens_fresh": 816050,
    "input_tokens_cache_read": 438551758,
    "input_tokens_cache_create": 15050090,
    "input_tokens_unknown": 468669883,
    "output_tokens": 4981364,
    "tokens_total": 928069145,
    "duration_s": 166947,
    "cost_usd": 2756.5145688000002
  },
  "by_model": {
    "opus": {
      "count": 324,
      "input_tokens_fresh": 785545,
      "input_tokens_cache_read": 357953982,
      "input_tokens_cache_create": 12010509,
      "input_tokens_unknown": 468669883,
      "output_tokens": 4480502,
      "tokens_total": 843900421,
      "cost_usd": 2713.33236225
    },
    "sonnet": {
      "count": 49,
      "input_tokens_fresh": 30505,
      "input_tokens_cache_read": 80597776,
      "input_tokens_cache_create": 3039581,
      "input_tokens_unknown": 0,
      "output_tokens": 500862,
      "tokens_total": 84168724,
      "cost_usd": 43.182206550000004
    }
  },
  "by_phase_and_model": {
    "task": {
      "opus": {
        "count": 219,
        "tokens_total": 702358338,
        "cost_usd": 2142.5627342499997
      }
    },
    "validate-review": {
      "opus": {
        "count": 30,
        "tokens_total": 58107473,
        "cost_usd": 261.818164
      }
    },
    "e2e-explore (legacy)": {
      "opus": {
        "count": 10,
        "tokens_total": 34172973,
        "cost_usd": 173.365765
      }
    },
    "e2e-research": {
      "opus": {
        "count": 19,
        "tokens_total": 9311332,
        "cost_usd": 48.78408
      }
    },
    "e2e-fix": {
      "opus": {
        "count": 9,
        "tokens_total": 14041211,
        "cost_usd": 40.422191
      },
      "sonnet": {
        "count": 3,
        "tokens_total": 4564403,
        "cost_usd": 3.02435865
      }
    },
    "e2e-verify": {
      "opus": {
        "count": 6,
        "tokens_total": 2735995,
        "cost_usd": 14.186395000000001
      },
      "sonnet": {
        "count": 4,
        "tokens_total": 3144383,
        "cost_usd": 1.9712353500000002
      }
    },
    "e2e-other": {
      "opus": {
        "count": 4,
        "tokens_total": 4723367,
        "cost_usd": 6.800049
      }
    },
    "e2e-planner": {
      "opus": {
        "count": 23,
        "tokens_total": 15358835,
        "cost_usd": 22.275571499999998
      }
    },
    "e2e-executor": {
      "sonnet": {
        "count": 42,
        "tokens_total": 76459938,
        "cost_usd": 38.18661255
      }
    },
    "review": {
      "opus": {
        "count": 2,
        "tokens_total": 2012725,
        "cost_usd": 1.9092937499999998
      }
    },
    "e2e-supervisor": {
      "opus": {
        "count": 2,
        "tokens_total": 1078172,
        "cost_usd": 1.2081187500000001
      }
    }
  }
}